Company,Type,Phone,Email,Address,Cities Served,Property Types,Website,Notes
Community Property Management,HOA,805-987-8945,info@cpm1.com,"Camarillo, CA","Camarillo, Ventura County",HOA (manages 90 HOAs),https://www.c-p-m.com/,Manages 90 HOAs — high-value target. 40+ years in business.
Ventura County HOA Management,HOA,805-628-2900,,"Ventura County, CA","Oxnard, Camarillo, Ventura, Moorpark, Simi Valley, Thousand Oaks, Port Hueneme, Santa Paula, Ojai",HOA + commercial condos + industrial condos,https://venturacids.com/,Also manages commercial/industrial condos. Full-service.
RowCal - California,HOA,805-232-5639,,"2443 Portola Rd Suite B, Ventura, CA 93003","Ventura County",HOA full-service,https://www.rowcal.com/locations/california/ventura/,National firm with local Ventura office.
Spectrum Association Management,HOA,210-494-0659,,,"Camarillo, Ventura County",HOA,https://spectrumam.com/california/camarillo-hoa-management/,National firm. Verify local contact.
Coast Management of California,HOA/Commercial,818-991-1500,,"Southern California","Thousand Oaks, Camarillo, Oxnard, Port Hueneme, Ventura County","HOA, commercial condos, industrial condos, mobile home parks",https://coastmanagementofcalifornia.com/,Manages commercial + industrial condos — good fit.
Becker Group,Commercial/Industrial,805-653-6794,,"40 S Ash St, Ventura, CA 93001","Ventura, Oxnard, Camarillo, Santa Paula, Moorpark, Simi Valley, Thousand Oaks","Commercial, office, retail, industrial",https://beckergrp.com/,Local Ventura firm. Commercial/industrial focus — strong lead.
Powerstone Property Management,HOA,,,"San Fernando Valley, Simi Valley, Malibu","Simi Valley, Malibu, San Fernando Valley",HOA,https://www.powerstonepm.com/ventura-county-property-management/,In-house counsel. Larger firm.
Rincon Property Management,Residential/Commercial,,,"Ventura County","Ventura, Oxnard, Thousand Oaks, Simi Valley, Camarillo, Santa Paula, Port Hueneme",Residential + commercial,https://www.rinconmanagement.com/,Local Ventura County firm.
Esquire Property Management,Residential,,,"Camarillo, CA","Camarillo, Ventura, Oxnard, Port Hueneme, Thousand Oaks, Simi Valley, Santa Paula",Residential,https://esquirepropertymanagement.com/,Multi-city coverage.
RPM Ventura County,Residential,,,"Thousand Oaks area","Thousand Oaks, Simi Valley, Ventura County",Residential,https://www.rpmventura.com/,National franchise with local office.
California Oaks Property Management,Residential,,,"Ventura County","Ventura County",Residential,https://www.caloakspm.com/,Local firm.
Property Advantage,HOA/Residential,760-585-1700,info@propertyadvantageinc.com,"5142 Avenida Encinas, Carlsbad, CA 92008","Ventura County, Southern California","Single-family, multi-unit, condos, HOA",https://propertyadvantage.com/,Based in Carlsbad but serves Ventura County.
Ventura Property Group,Commercial,,,"Ventura County","Camarillo, Oxnard, Santa Paula, Thousand Oaks, Simi Valley, Moorpark","Commercial property management",https://www.venturapropertygroup.com/,Commercial focus — good fit.
Coro Community Management,HOA,818-436-0774,,"13743 Ventura Blvd #200, Sherman Oaks, CA 91423","Ventura County, LA County",HOA,https://hoamgmt.com/,Sherman Oaks based. Serves Ventura County.
Allstate HOA Management,HOA,,,"Greater LA area","LA County, Ventura County, Orange County, Santa Barbara County",HOA,,Regional coverage including Ventura County.
Alert Management Company,Residential/Commercial,,,"310 W 4th St, Oxnard, CA","Oxnard","Single-family, multi-family, commercial",,Established 1960. Local Oxnard firm.
Belwood Properties,HOA/Residential,818-577-8181,,"Tarzana, CA","Simi Valley, Ventura County","Apartments, multifamily, residential/commercial, HOA",https://www.belwoodprop.com/,Based in Tarzana but serves Simi Valley.
